,Date.Time..UTC.,Wind.Speed..MPH.
0,01/02/2013 00:00:00,8.0
1,01/02/2013 00:05:00,10.5
2,01/02/2013 00:10:00,10.5
3,01/02/2013 00:15:00,10.3
4,01/02/2013 00:20:00,9.2
5,01/02/2013 00:25:00,9.9
6,01/02/2013 00:30:00,11.2
7,01/02/2013 00:35:00,9.3
8,01/02/2013 00:40:00,8.3
9,01/02/2013 00:45:00,9.4
10,01/02/2013 00:50:00,12.7
11,01/02/2013 00:55:00,12.5
12,01/02/2013 01:00:00,13.1
13,01/02/2013 01:05:00,12.6
14,01/02/2013 01:10:00,13.7
15,01/02/2013 01:15:00,11.0
16,01/02/2013 01:20:00,9.7
17,01/02/2013 01:25:00,10.1
18,01/02/2013 01:30:00,11.1
19,01/02/2013 01:35:00,12.3
20,01/02/2013 01:40:00,11.0
21,01/02/2013 01:45:00,11.2
22,01/02/2013 01:50:00,12.8
23,01/02/2013 01:55:00,13.5
24,01/02/2013 02:00:00,12.6
25,01/02/2013 02:05:00,13.2
26,01/02/2013 02:10:00,13.7
27,01/02/2013 02:15:00,12.8
28,01/02/2013 02:20:00,12.2
29,01/02/2013 02:25:00,14.3
30,01/02/2013 02:30:00,13.1
31,01/02/2013 02:35:00,13.1
32,01/02/2013 02:40:00,12.4
33,01/02/2013 02:45:00,14.3
34,01/02/2013 02:50:00,12.3
35,01/02/2013 02:55:00,12.5
36,01/02/2013 03:00:00,13.5
37,01/02/2013 03:05:00,16.0
38,01/02/2013 03:10:00,15.4
39,01/02/2013 03:15:00,16.1
40,01/02/2013 03:20:00,16.5
41,01/02/2013 03:25:00,17.7
42,01/02/2013 03:30:00,17.2
43,01/02/2013 03:35:00,15.4
44,01/02/2013 03:40:00,12.6
45,01/02/2013 03:45:00,13.6
46,01/02/2013 03:50:00,11.2
47,01/02/2013 03:55:00,11.3
48,01/02/2013 04:00:00,11.2
49,01/02/2013 04:05:00,11.2
50,01/02/2013 04:10:00,11.5
51,01/02/2013 04:15:00,11.9
52,01/02/2013 04:20:00,13.9
53,01/02/2013 04:25:00,13.9
54,01/02/2013 04:30:00,15.1
55,01/02/2013 04:35:00,13.8
56,01/02/2013 04:40:00,15.9
57,01/02/2013 04:45:00,14.4
58,01/02/2013 04:50:00,16.2
59,01/02/2013 04:55:00,15.3
60,01/02/2013 05:00:00,15.7
61,01/02/2013 05:05:00,15.3
62,01/02/2013 05:10:00,14.0
63,01/02/2013 05:15:00,12.0
64,01/02/2013 05:20:00,11.2
65,01/02/2013 05:25:00,10.7
66,01/02/2013 05:30:00,11.0
67,01/02/2013 05:35:00,14.0
68,01/02/2013 05:40:00,14.7
69,01/02/2013 05:45:00,14.7
70,01/02/2013 05:50:00,14.4
71,01/02/2013 05:55:00,13.4
72,01/02/2013 06:00:00,13.8
73,01/02/2013 06:05:00,12.8
74,01/02/2013 06:10:00,8.4
75,01/02/2013 06:15:00,10.0
76,01/02/2013 06:20:00,9.5
77,01/02/2013 06:25:00,10.7
78,01/02/2013 06:30:00,10.8
79,01/02/2013 06:35:00,11.6
80,01/02/2013 06:40:00,11.4
81,01/02/2013 06:45:00,11.1
82,01/02/2013 06:50:00,12.9
83,01/02/2013 06:55:00,12.6
84,01/02/2013 07:00:00,14.1
85,01/02/2013 07:05:00,15.1
86,01/02/2013 07:10:00,15.0
87,01/02/2013 07:15:00,15.1
88,01/02/2013 07:20:00,16.0
89,01/02/2013 07:25:00,15.3
90,01/02/2013 07:30:00,15.2
91,01/02/2013 07:35:00,13.4
92,01/02/2013 07:40:00,12.8
93,01/02/2013 07:45:00,14.9
94,01/02/2013 07:50:00,13.1
95,01/02/2013 07:55:00,14.5
96,01/02/2013 08:00:00,15.4
97,01/02/2013 08:05:00,16.6
98,01/02/2013 08:10:00,16.8
99,01/02/2013 08:15:00,15.9
100,01/02/2013 08:20:00,17.3
101,01/02/2013 08:25:00,16.5
102,01/02/2013 08:30:00,15.3
103,01/02/2013 08:35:00,15.1
104,01/02/2013 08:40:00,15.8
105,01/02/2013 08:45:00,13.3
106,01/02/2013 08:50:00,15.1
107,01/02/2013 08:55:00,13.4
108,01/02/2013 09:00:00,11.7
109,01/02/2013 09:05:00,15.0
110,01/02/2013 09:10:00,15.8
111,01/02/2013 09:15:00,15.7
112,01/02/2013 09:20:00,15.2
113,01/02/2013 09:25:00,13.2
114,01/02/2013 09:30:00,13.0
115,01/02/2013 09:35:00,12.8
116,01/02/2013 09:40:00,13.3
117,01/02/2013 09:45:00,13.2
118,01/02/2013 09:50:00,12.0
119,01/02/2013 09:55:00,10.9
120,01/02/2013 10:00:00,12.9
121,01/02/2013 10:05:00,12.0
122,01/02/2013 10:10:00,13.8
123,01/02/2013 10:15:00,14.6
124,01/02/2013 10:20:00,14.6
125,01/02/2013 10:25:00,14.3
126,01/02/2013 10:30:00,14.5
127,01/02/2013 10:35:00,14.7
128,01/02/2013 10:40:00,13.7
129,01/02/2013 10:45:00,16.3
130,01/02/2013 10:50:00,16.7
131,01/02/2013 10:55:00,16.2
132,01/02/2013 11:00:00,16.5
133,01/02/2013 11:05:00,15.8
134,01/02/2013 11:10:00,15.5
135,01/02/2013 11:15:00,15.3
136,01/02/2013 11:20:00,15.6
137,01/02/2013 11:25:00,14.8
138,01/02/2013 11:30:00,12.2
139,01/02/2013 11:35:00,12.5
140,01/02/2013 11:40:00,13.6
141,01/02/2013 11:45:00,11.5
142,01/02/2013 11:50:00,15.4
143,01/02/2013 11:55:00,11.0
144,01/02/2013 12:00:00,11.2
145,01/02/2013 12:05:00,11.3
146,01/02/2013 12:10:00,13.0
147,01/02/2013 12:15:00,14.9
148,01/02/2013 12:20:00,16.7
149,01/02/2013 12:25:00,14.2
150,01/02/2013 12:30:00,13.9
151,01/02/2013 12:35:00,11.9
152,01/02/2013 12:40:00,11.8
153,01/02/2013 12:45:00,13.8
154,01/02/2013 12:50:00,12.0
155,01/02/2013 12:55:00,11.5
156,01/02/2013 13:00:00,9.6
157,01/02/2013 13:05:00,11.7
158,01/02/2013 13:10:00,9.3
159,01/02/2013 13:15:00,12.1
160,01/02/2013 13:20:00,11.7
161,01/02/2013 13:25:00,12.8
162,01/02/2013 13:30:00,13.3
163,01/02/2013 13:35:00,13.5
164,01/02/2013 13:40:00,14.1
165,01/02/2013 13:45:00,14.5
166,01/02/2013 13:50:00,13.8
167,01/02/2013 13:55:00,16.0
168,01/02/2013 14:00:00,16.3
169,01/02/2013 14:05:00,15.9
170,01/02/2013 14:10:00,16.2
171,01/02/2013 14:15:00,17.6
172,01/02/2013 14:20:00,17.4
173,01/02/2013 14:25:00,16.7
174,01/02/2013 14:30:00,14.6
175,01/02/2013 14:35:00,14.8
176,01/02/2013 14:40:00,14.8
177,01/02/2013 14:45:00,14.0
178,01/02/2013 14:50:00,14.2
179,01/02/2013 14:55:00,14.2
180,01/02/2013 15:00:00,14.9
181,01/02/2013 15:05:00,15.3
182,01/02/2013 15:10:00,15.2
183,01/02/2013 15:15:00,13.4
184,01/02/2013 15:20:00,13.1
185,01/02/2013 15:25:00,12.8
186,01/02/2013 15:30:00,13.5
187,01/02/2013 15:35:00,13.2
188,01/02/2013 15:40:00,13.2
189,01/02/2013 15:45:00,13.2
190,01/02/2013 15:50:00,14.0
191,01/02/2013 15:55:00,11.8
192,01/02/2013 16:00:00,14.1
193,01/02/2013 16:05:00,14.6
194,01/02/2013 16:10:00,12.3
195,01/02/2013 16:15:00,12.9
196,01/02/2013 16:20:00,16.2
197,01/02/2013 16:25:00,15.8
198,01/02/2013 16:30:00,14.0
199,01/02/2013 16:35:00,13.1
200,01/02/2013 16:40:00,13.7
201,01/02/2013 16:45:00,17.3
202,01/02/2013 16:50:00,16.2
203,01/02/2013 16:55:00,14.8
204,01/02/2013 17:00:00,15.6
205,01/02/2013 17:05:00,14.6
206,01/02/2013 17:10:00,14.1
207,01/02/2013 17:15:00,14.4
208,01/02/2013 17:20:00,14.5
209,01/02/2013 17:25:00,14.7
210,01/02/2013 17:30:00,12.5
211,01/02/2013 17:35:00,12.5
212,01/02/2013 17:40:00,11.9
213,01/02/2013 17:45:00,14.0
214,01/02/2013 17:50:00,13.3
215,01/02/2013 17:55:00,15.4
216,01/02/2013 18:00:00,13.8
217,01/02/2013 18:05:00,14.0
218,01/02/2013 18:10:00,12.0
219,01/02/2013 18:15:00,12.0
220,01/02/2013 18:20:00,13.5
221,01/02/2013 18:25:00,13.3
222,01/02/2013 18:30:00,15.2
223,01/02/2013 18:35:00,15.5
224,01/02/2013 18:40:00,13.5
225,01/02/2013 18:45:00,14.2
226,01/02/2013 18:50:00,15.1
227,01/02/2013 18:55:00,12.3
228,01/02/2013 19:00:00,13.6
229,01/02/2013 19:05:00,14.3
230,01/02/2013 19:10:00,14.6
231,01/02/2013 19:15:00,13.3
232,01/02/2013 19:20:00,12.3
233,01/02/2013 19:25:00,13.3
234,01/02/2013 19:30:00,11.5
235,01/02/2013 19:35:00,12.0
236,01/02/2013 19:40:00,11.3
237,01/02/2013 19:45:00,11.4
238,01/02/2013 19:50:00,12.9
239,01/02/2013 19:55:00,11.7
240,01/02/2013 20:00:00,9.2
241,01/02/2013 20:05:00,11.8
242,01/02/2013 20:10:00,12.5
243,01/02/2013 20:15:00,12.5
244,01/02/2013 20:20:00,12.2
245,01/02/2013 20:25:00,10.8
246,01/02/2013 20:30:00,10.2
247,01/02/2013 20:35:00,10.9
248,01/02/2013 20:40:00,11.7
249,01/02/2013 20:45:00,12.8
250,01/02/2013 20:50:00,10.9
251,01/02/2013 20:55:00,10.0
252,01/02/2013 21:00:00,9.4
253,01/02/2013 21:05:00,10.2
254,01/02/2013 21:10:00,9.9
255,01/02/2013 21:15:00,10.4
256,01/02/2013 21:20:00,10.5
257,01/02/2013 21:25:00,10.3
258,01/02/2013 21:30:00,8.6
259,01/02/2013 21:35:00,9.3
260,01/02/2013 21:40:00,9.4
261,01/02/2013 21:45:00,9.2
262,01/02/2013 21:50:00,9.8
263,01/02/2013 21:55:00,9.5
264,01/02/2013 22:00:00,9.1
265,01/02/2013 22:05:00,10.0
266,01/02/2013 22:10:00,9.4
267,01/02/2013 22:15:00,9.3
268,01/02/2013 22:20:00,11.8
269,01/02/2013 22:25:00,11.3
270,01/02/2013 22:30:00,11.1
271,01/02/2013 22:35:00,9.7
272,01/02/2013 22:40:00,11.4
273,01/02/2013 22:45:00,9.8
274,01/02/2013 22:50:00,12.2
275,01/02/2013 22:55:00,10.1
276,01/02/2013 23:00:00,10.2
277,01/02/2013 23:05:00,11.3
278,01/02/2013 23:10:00,11.0
279,01/02/2013 23:15:00,12.5
280,01/02/2013 23:20:00,13.3
281,01/02/2013 23:25:00,12.2
282,01/02/2013 23:30:00,13.4
283,01/02/2013 23:35:00,14.2
284,01/02/2013 23:40:00,13.3
285,01/02/2013 23:45:00,13.6
286,01/02/2013 23:50:00,13.6
287,01/02/2013 23:55:00,12.5
288,01/03/2013 00:00:00,15.2
289,01/03/2013 00:05:00,13.4
290,01/03/2013 00:10:00,15.7
291,01/03/2013 00:15:00,16.3
292,01/03/2013 00:20:00,17.2
293,01/03/2013 00:25:00,16.7
294,01/03/2013 00:30:00,17.2
295,01/03/2013 00:35:00,15.4
296,01/03/2013 00:40:00,14.9
297,01/03/2013 00:45:00,15.8
298,01/03/2013 00:50:00,15.5
299,01/03/2013 00:55:00,16.6
300,01/03/2013 01:00:00,14.3
301,01/03/2013 01:05:00,15.3
302,01/03/2013 01:10:00,14.7
303,01/03/2013 01:15:00,15.6
304,01/03/2013 01:20:00,14.9
305,01/03/2013 01:25:00,15.0
306,01/03/2013 01:30:00,14.5
307,01/03/2013 01:35:00,16.1
308,01/03/2013 01:40:00,15.7
309,01/03/2013 01:45:00,15.3
310,01/03/2013 01:50:00,15.6
311,01/03/2013 01:55:00,16.7
312,01/03/2013 02:00:00,18.1
313,01/03/2013 02:05:00,16.7
314,01/03/2013 02:10:00,15.2
315,01/03/2013 02:15:00,15.4
316,01/03/2013 02:20:00,15.8
317,01/03/2013 02:25:00,16.6
318,01/03/2013 02:30:00,16.4
319,01/03/2013 02:35:00,17.8
320,01/03/2013 02:40:00,16.7
321,01/03/2013 02:45:00,15.1
322,01/03/2013 02:50:00,17.0
323,01/03/2013 02:55:00,14.7
324,01/03/2013 03:00:00,15.1
325,01/03/2013 03:05:00,13.4
326,01/03/2013 03:10:00,12.6
327,01/03/2013 03:15:00,15.7
328,01/03/2013 03:20:00,16.6
329,01/03/2013 03:25:00,16.4
330,01/03/2013 03:30:00,15.5
331,01/03/2013 03:35:00,16.0
332,01/03/2013 03:40:00,16.2
333,01/03/2013 03:45:00,16.1
334,01/03/2013 03:50:00,17.6
335,01/03/2013 03:55:00,14.2
336,01/03/2013 04:00:00,14.0
337,01/03/2013 04:05:00,12.4
338,01/03/2013 04:10:00,13.8
339,01/03/2013 04:15:00,15.8
340,01/03/2013 04:20:00,15.8
341,01/03/2013 04:25:00,14.3
342,01/03/2013 04:30:00,14.4
343,01/03/2013 04:35:00,15.0
344,01/03/2013 04:40:00,14.4
345,01/03/2013 04:45:00,17.9
346,01/03/2013 04:50:00,17.9
347,01/03/2013 04:55:00,17.8
348,01/03/2013 05:00:00,17.4
349,01/03/2013 05:05:00,18.3
350,01/03/2013 05:10:00,16.5
351,01/03/2013 05:15:00,16.1
352,01/03/2013 05:20:00,16.8
353,01/03/2013 05:25:00,17.9
354,01/03/2013 05:30:00,16.9
355,01/03/2013 05:35:00,17.2
356,01/03/2013 05:40:00,15.9
357,01/03/2013 05:45:00,16.2
358,01/03/2013 05:50:00,14.4
359,01/03/2013 05:55:00,13.5
360,01/03/2013 06:00:00,11.6
361,01/03/2013 06:05:00,13.5
362,01/03/2013 06:10:00,12.6
363,01/03/2013 06:15:00,13.3
364,01/03/2013 06:20:00,12.6
365,01/03/2013 06:25:00,12.6
366,01/03/2013 06:30:00,12.5
367,01/03/2013 06:35:00,11.7
368,01/03/2013 06:40:00,9.5
369,01/03/2013 06:45:00,7.9
370,01/03/2013 06:50:00,8.5
371,01/03/2013 06:55:00,9.4
372,01/03/2013 07:00:00,8.7
373,01/03/2013 07:05:00,8.7
374,01/03/2013 07:10:00,9.3
375,01/03/2013 07:15:00,9.9
376,01/03/2013 07:20:00,13.4
377,01/03/2013 07:25:00,11.1
378,01/03/2013 07:30:00,14.5
379,01/03/2013 07:35:00,13.0
380,01/03/2013 07:40:00,13.0
381,01/03/2013 07:45:00,14.8
382,01/03/2013 07:50:00,13.4
383,01/03/2013 07:55:00,14.1
384,01/03/2013 08:00:00,13.9
385,01/03/2013 08:05:00,14.2
386,01/03/2013 08:10:00,14.6
387,01/03/2013 08:15:00,14.2
388,01/03/2013 08:20:00,15.1
389,01/03/2013 08:25:00,14.5
390,01/03/2013 08:30:00,12.3
391,01/03/2013 08:35:00,12.6
392,01/03/2013 08:40:00,13.3
393,01/03/2013 08:45:00,14.9
394,01/03/2013 08:50:00,15.8
395,01/03/2013 08:55:00,14.4
396,01/03/2013 09:00:00,16.8
397,01/03/2013 09:05:00,18.2
398,01/03/2013 09:10:00,17.5
399,01/03/2013 09:15:00,15.3
400,01/03/2013 09:20:00,13.4
401,01/03/2013 09:25:00,9.9
402,01/03/2013 09:30:00,10.8
403,01/03/2013 09:35:00,12.2
404,01/03/2013 09:40:00,12.4
405,01/03/2013 09:45:00,10.9
406,01/03/2013 09:50:00,10.9
407,01/03/2013 09:55:00,12.0
408,01/03/2013 10:00:00,13.7
409,01/03/2013 10:05:00,12.2
410,01/03/2013 10:10:00,12.5
411,01/03/2013 10:15:00,11.6
412,01/03/2013 10:20:00,12.4
413,01/03/2013 10:25:00,11.5
414,01/03/2013 10:30:00,11.3
415,01/03/2013 10:35:00,13.5
416,01/03/2013 10:40:00,11.5
417,01/03/2013 10:45:00,11.8
418,01/03/2013 10:50:00,12.7
419,01/03/2013 10:55:00,14.9
420,01/03/2013 11:00:00,15.4
421,01/03/2013 11:05:00,14.1
422,01/03/2013 11:10:00,14.2
423,01/03/2013 11:15:00,16.1
424,01/03/2013 11:20:00,18.2
425,01/03/2013 11:25:00,16.1
426,01/03/2013 11:30:00,15.7
427,01/03/2013 11:35:00,15.6
428,01/03/2013 11:40:00,17.1
429,01/03/2013 11:45:00,13.6
430,01/03/2013 11:50:00,14.4
431,01/03/2013 11:55:00,15.1
432,01/03/2013 12:00:00,13.8
433,01/03/2013 12:05:00,14.5
434,01/03/2013 12:10:00,15.4
435,01/03/2013 12:15:00,16.9
436,01/03/2013 12:20:00,16.1
437,01/03/2013 12:25:00,16.1
438,01/03/2013 12:30:00,15.7
439,01/03/2013 12:35:00,14.5
440,01/03/2013 12:40:00,15.8
441,01/03/2013 12:45:00,13.6
442,01/03/2013 12:50:00,12.9
443,01/03/2013 12:55:00,11.5
444,01/03/2013 13:00:00,12.0
445,01/03/2013 13:05:00,11.5
446,01/03/2013 13:10:00,13.1
447,01/03/2013 13:15:00,10.7
448,01/03/2013 13:20:00,10.5
449,01/03/2013 13:25:00,11.2
450,01/03/2013 13:30:00,12.4
451,01/03/2013 13:35:00,13.4
452,01/03/2013 13:40:00,12.7
453,01/03/2013 13:45:00,12.1
454,01/03/2013 13:50:00,13.3
455,01/03/2013 13:55:00,12.5
456,01/03/2013 14:00:00,12.1
457,01/03/2013 14:05:00,12.4
458,01/03/2013 14:10:00,13.3
459,01/03/2013 14:15:00,16.1
460,01/03/2013 14:20:00,14.6
461,01/03/2013 14:25:00,15.9
462,01/03/2013 14:30:00,14.6
463,01/03/2013 14:35:00,16.3
464,01/03/2013 14:40:00,17.1
465,01/03/2013 14:45:00,15.1
466,01/03/2013 14:50:00,12.9
467,01/03/2013 14:55:00,14.6
468,01/03/2013 15:00:00,14.3
469,01/03/2013 15:05:00,14.1
470,01/03/2013 15:10:00,11.6
471,01/03/2013 15:15:00,13.7
472,01/03/2013 15:20:00,14.2
473,01/03/2013 15:25:00,14.3
474,01/03/2013 15:30:00,12.9
475,01/03/2013 15:35:00,12.2
476,01/03/2013 15:40:00,11.3
477,01/03/2013 15:45:00,9.7
478,01/03/2013 15:50:00,12.8
479,01/03/2013 15:55:00,13.7
480,01/03/2013 16:00:00,11.4
481,01/03/2013 16:05:00,9.9
482,01/03/2013 16:10:00,12.1
483,01/03/2013 16:15:00,10.0
484,01/03/2013 16:20:00,8.6
485,01/03/2013 16:25:00,10.7
486,01/03/2013 16:30:00,9.4
487,01/03/2013 16:35:00,11.7
488,01/03/2013 16:40:00,11.5
489,01/03/2013 16:45:00,11.9
490,01/03/2013 16:50:00,9.9
491,01/03/2013 16:55:00,10.7
492,01/03/2013 17:00:00,12.0
493,01/03/2013 17:05:00,10.4
494,01/03/2013 17:10:00,11.4
495,01/03/2013 17:15:00,11.5
496,01/03/2013 17:20:00,12.3
497,01/03/2013 17:25:00,13.1
498,01/03/2013 17:30:00,14.3
499,01/03/2013 17:35:00,15.0
500,01/03/2013 17:40:00,15.5
501,01/03/2013 17:45:00,15.0
502,01/03/2013 17:50:00,12.8
503,01/03/2013 17:55:00,15.3
504,01/03/2013 18:00:00,17.5
505,01/03/2013 18:05:00,16.3
506,01/03/2013 18:10:00,14.0
507,01/03/2013 18:15:00,14.1
508,01/03/2013 18:20:00,13.4
509,01/03/2013 18:25:00,13.7
510,01/03/2013 18:30:00,15.7
511,01/03/2013 18:35:00,16.4
512,01/03/2013 18:40:00,12.6
513,01/03/2013 18:45:00,13.6
514,01/03/2013 18:50:00,13.5
515,01/03/2013 18:55:00,11.2
516,01/03/2013 19:00:00,11.2
517,01/03/2013 19:05:00,10.4
518,01/03/2013 19:10:00,7.3
519,01/03/2013 19:15:00,7.7
520,01/03/2013 19:20:00,5.2
521,01/03/2013 19:25:00,2.8
522,01/03/2013 19:30:00,3.7
523,01/03/2013 19:35:00,3.2
524,01/03/2013 19:40:00,3.2
525,01/03/2013 19:45:00,2.2
526,01/03/2013 19:50:00,2.8
527,01/03/2013 19:55:00,5.2
528,01/03/2013 20:00:00,4.9
529,01/03/2013 20:05:00,4.2
530,01/03/2013 20:10:00,3.4
531,01/03/2013 20:15:00,5.3
532,01/03/2013 20:20:00,2.9
533,01/03/2013 20:25:00,4.2
534,01/03/2013 20:30:00,4.8
535,01/03/2013 20:35:00,7.1
536,01/03/2013 20:40:00,7.1
537,01/03/2013 20:45:00,5.5
538,01/03/2013 20:50:00,2.8
539,01/03/2013 20:55:00,5.1
540,01/03/2013 21:00:00,4.9
541,01/03/2013 21:05:00,5.7
542,01/03/2013 21:10:00,7.2
543,01/03/2013 21:15:00,4.7
544,01/03/2013 21:20:00,7.8
545,01/03/2013 21:25:00,8.7
546,01/03/2013 21:30:00,8.1
547,01/03/2013 21:35:00,8.7
548,01/03/2013 21:40:00,8.3
549,01/03/2013 21:45:00,8.4
550,01/03/2013 21:50:00,13.2
551,01/03/2013 21:55:00,11.8
552,01/03/2013 22:00:00,11.8
553,01/03/2013 22:05:00,11.3
554,01/03/2013 22:10:00,12.4
555,01/03/2013 22:15:00,9.0
556,01/03/2013 22:20:00,11.1
557,01/03/2013 22:25:00,14.2
558,01/03/2013 22:30:00,9.9
559,01/03/2013 22:35:00,9.5
560,01/03/2013 22:40:00,10.7
561,01/03/2013 22:45:00,10.1
562,01/03/2013 22:50:00,10.6
563,01/03/2013 22:55:00,10.6
564,01/03/2013 23:00:00,7.5
565,01/03/2013 23:05:00,3.6
566,01/03/2013 23:10:00,4.5
567,01/03/2013 23:15:00,5.8
568,01/03/2013 23:20:00,5.3
569,01/03/2013 23:25:00,3.9
570,01/03/2013 23:30:00,4.9
571,01/03/2013 23:35:00,5.4
572,01/03/2013 23:40:00,4.3
573,01/03/2013 23:45:00,2.4
574,01/03/2013 23:50:00,4.0
575,01/03/2013 23:55:00,4.3
576,01/04/2013 00:00:00,5.2
577,01/04/2013 00:05:00,7.3
578,01/04/2013 00:10:00,3.5
579,01/04/2013 00:15:00,5.5
580,01/04/2013 00:20:00,4.8
581,01/04/2013 00:25:00,4.8
582,01/04/2013 00:30:00,5.4
583,01/04/2013 00:35:00,4.4
584,01/04/2013 00:40:00,5.8
585,01/04/2013 00:45:00,6.1
586,01/04/2013 00:50:00,8.5
587,01/04/2013 00:55:00,7.8
588,01/04/2013 01:00:00,6.2
589,01/04/2013 01:05:00,5.4
590,01/04/2013 01:10:00,7.6
591,01/04/2013 01:15:00,7.6
592,01/04/2013 01:20:00,7.0
593,01/04/2013 01:25:00,6.4
594,01/04/2013 01:30:00,7.5
595,01/04/2013 01:35:00,8.4
596,01/04/2013 01:40:00,8.5
597,01/04/2013 01:45:00,9.6
598,01/04/2013 01:50:00,8.5
599,01/04/2013 01:55:00,9.5
600,01/04/2013 02:00:00,7.7
601,01/04/2013 02:05:00,7.7
602,01/04/2013 02:10:00,4.6
603,01/04/2013 02:15:00,4.4
604,01/04/2013 02:20:00,6.2
605,01/04/2013 02:25:00,5.4
606,01/04/2013 02:30:00,5.1
607,01/04/2013 02:35:00,5.3
608,01/04/2013 02:40:00,5.7
609,01/04/2013 02:45:00,4.4
610,01/04/2013 02:50:00,6.0
611,01/04/2013 02:55:00,6.3
612,01/04/2013 03:00:00,5.3
613,01/04/2013 03:05:00,4.2
614,01/04/2013 03:10:00,4.2
615,01/04/2013 03:15:00,5.0
616,01/04/2013 03:20:00,4.5
617,01/04/2013 03:25:00,2.8
618,01/04/2013 03:30:00,3.0
619,01/04/2013 03:35:00,2.0
620,01/04/2013 03:40:00,0.9
621,01/04/2013 03:45:00,1.4
622,01/04/2013 03:50:00,2.1
623,01/04/2013 03:55:00,1.5
624,01/04/2013 04:00:00,1.2
625,01/04/2013 04:05:00,2.0
626,01/04/2013 04:10:00,1.5
627,01/04/2013 04:15:00,1.6
628,01/04/2013 04:20:00,1.3
629,01/04/2013 04:25:00,2.0
630,01/04/2013 04:30:00,1.9
631,01/04/2013 04:35:00,1.6
632,01/04/2013 04:40:00,1.0
633,01/04/2013 04:45:00,0.8
634,01/04/2013 04:50:00,1.3
635,01/04/2013 04:55:00,1.1
636,01/04/2013 05:00:00,1.8
637,01/04/2013 05:05:00,1.7
638,01/04/2013 05:10:00,2.5
639,01/04/2013 05:15:00,2.4
640,01/04/2013 05:20:00,2.1
641,01/04/2013 05:25:00,2.0
642,01/04/2013 05:30:00,3.2
643,01/04/2013 05:35:00,3.1
644,01/04/2013 05:40:00,3.1
645,01/04/2013 05:45:00,4.0
646,01/04/2013 05:50:00,4.2
647,01/04/2013 05:55:00,2.6
648,01/04/2013 06:00:00,4.2
649,01/04/2013 06:05:00,6.0
650,01/04/2013 06:10:00,4.4
651,01/04/2013 06:15:00,4.2
652,01/04/2013 06:20:00,3.5
653,01/04/2013 06:25:00,4.2
654,01/04/2013 06:30:00,3.9
655,01/04/2013 06:35:00,4.7
656,01/04/2013 06:40:00,4.5
657,01/04/2013 06:45:00,4.5
658,01/04/2013 06:50:00,3.3
659,01/04/2013 06:55:00,3.5
660,01/04/2013 07:00:00,2.3
661,01/04/2013 07:05:00,1.8
662,01/04/2013 07:10:00,4.4
663,01/04/2013 07:15:00,4.5
664,01/04/2013 07:20:00,4.0
665,01/04/2013 07:25:00,3.3
666,01/04/2013 07:30:00,1.5
667,01/04/2013 07:35:00,2.4
668,01/04/2013 07:40:00,1.4
669,01/04/2013 07:45:00,2.3
670,01/04/2013 07:50:00,1.6
671,01/04/2013 07:55:00,1.4
672,01/04/2013 08:00:00,1.6
673,01/04/2013 08:05:00,2.2
674,01/04/2013 08:10:00,1.5
675,01/04/2013 08:15:00,2.4
676,01/04/2013 08:20:00,2.2
677,01/04/2013 08:25:00,1.3
678,01/04/2013 08:30:00,2.1
679,01/04/2013 08:35:00,1.1
680,01/04/2013 08:40:00,1.0
681,01/04/2013 08:45:00,1.2
682,01/04/2013 08:50:00,1.5
683,01/04/2013 08:55:00,0.8
684,01/04/2013 09:00:00,1.4
685,01/04/2013 09:05:00,1.8
686,01/04/2013 09:10:00,1.1
687,01/04/2013 09:15:00,4.5
688,01/04/2013 09:20:00,5.1
689,01/04/2013 09:25:00,3.2
690,01/04/2013 09:30:00,4.3
691,01/04/2013 09:35:00,5.6
692,01/04/2013 09:40:00,5.1
693,01/04/2013 09:45:00,6.1
694,01/04/2013 09:50:00,3.8
695,01/04/2013 09:55:00,2.6
696,01/04/2013 10:00:00,2.8
697,01/04/2013 10:05:00,2.1
698,01/04/2013 10:10:00,2.1
699,01/04/2013 10:15:00,2.1
700,01/04/2013 10:20:00,1.3
701,01/04/2013 10:25:00,1.9
702,01/04/2013 10:30:00,2.1
703,01/04/2013 10:35:00,1.8
704,01/04/2013 10:40:00,1.5
705,01/04/2013 10:45:00,2.1
706,01/04/2013 10:50:00,3.3
707,01/04/2013 10:55:00,2.0
708,01/04/2013 11:00:00,2.3
709,01/04/2013 11:05:00,2.5
710,01/04/2013 11:10:00,3.1
711,01/04/2013 11:15:00,2.7
712,01/04/2013 11:20:00,2.5
713,01/04/2013 11:25:00,1.7
714,01/04/2013 11:30:00,1.1
715,01/04/2013 11:35:00,0.9
716,01/04/2013 11:40:00,1.4
717,01/04/2013 11:45:00,0.9
718,01/04/2013 11:50:00,1.9
719,01/04/2013 11:55:00,2.5
720,01/04/2013 12:00:00,2.6
721,01/04/2013 12:05:00,1.3
722,01/04/2013 12:10:00,3.6
723,01/04/2013 12:15:00,1.6
724,01/04/2013 12:20:00,1.6
725,01/04/2013 12:25:00,2.0
726,01/04/2013 12:30:00,1.4
727,01/04/2013 12:35:00,2.3
728,01/04/2013 12:40:00,1.2
729,01/04/2013 12:45:00,1.3
730,01/04/2013 12:50:00,0.7
731,01/04/2013 12:55:00,0.9
732,01/04/2013 13:00:00,1.2
733,01/04/2013 13:05:00,0.8
734,01/04/2013 13:10:00,1.4
735,01/04/2013 13:15:00,0.9
736,01/04/2013 13:20:00,1.5
737,01/04/2013 13:25:00,2.0
738,01/04/2013 13:30:00,2.6
739,01/04/2013 13:35:00,2.7
740,01/04/2013 13:40:00,1.8
741,01/04/2013 13:45:00,1.2
742,01/04/2013 13:50:00,1.6
743,01/04/2013 13:55:00,1.7
744,01/04/2013 14:00:00,1.1
745,01/04/2013 14:05:00,1.0
746,01/04/2013 14:10:00,1.9
747,01/04/2013 14:15:00,1.6
748,01/04/2013 14:20:00,1.6
749,01/04/2013 14:25:00,1.0
750,01/04/2013 14:30:00,1.7
751,01/04/2013 14:35:00,1.8
752,01/04/2013 14:40:00,2.5
753,01/04/2013 14:45:00,1.9
754,01/04/2013 14:50:00,0.8
755,01/04/2013 14:55:00,1.0
756,01/04/2013 15:00:00,1.1
757,01/04/2013 15:05:00,0.9
758,01/04/2013 15:10:00,1.7
759,01/04/2013 15:15:00,1.0
760,01/04/2013 15:20:00,2.2
761,01/04/2013 15:25:00,2.7
762,01/04/2013 15:30:00,2.8
763,01/04/2013 15:35:00,2.5
764,01/04/2013 15:40:00,3.2
765,01/04/2013 15:45:00,2.5
766,01/04/2013 15:50:00,1.7
767,01/04/2013 15:55:00,2.1
768,01/04/2013 16:00:00,2.0
769,01/04/2013 16:05:00,2.0
770,01/04/2013 16:10:00,2.6
771,01/04/2013 16:15:00,2.8
772,01/04/2013 16:20:00,2.8
773,01/04/2013 16:25:00,2.0
774,01/04/2013 16:30:00,2.0
775,01/04/2013 16:35:00,2.2
776,01/04/2013 16:40:00,3.3
777,01/04/2013 16:45:00,3.1
778,01/04/2013 16:50:00,2.1
779,01/04/2013 16:55:00,1.5
780,01/04/2013 17:00:00,1.6
781,01/04/2013 17:05:00,1.7
782,01/04/2013 17:10:00,2.3
783,01/04/2013 17:15:00,2.4
784,01/04/2013 17:20:00,2.0
785,01/04/2013 17:25:00,1.8
786,01/04/2013 17:30:00,1.7
787,01/04/2013 17:35:00,2.2
788,01/04/2013 17:40:00,2.2
789,01/04/2013 17:45:00,1.2
790,01/04/2013 17:50:00,0.9
791,01/04/2013 17:55:00,1.1
792,01/04/2013 18:00:00,2.3
793,01/04/2013 18:05:00,3.0
794,01/04/2013 18:10:00,1.5
795,01/04/2013 18:15:00,2.0
796,01/04/2013 18:20:00,3.0
797,01/04/2013 18:25:00,2.2
798,01/04/2013 18:30:00,1.7
799,01/04/2013 18:35:00,1.0
800,01/04/2013 18:40:00,1.0
801,01/04/2013 18:45:00,0.7
802,01/04/2013 18:50:00,0.8
803,01/04/2013 18:55:00,2.5
804,01/04/2013 19:00:00,1.3
805,01/04/2013 19:05:00,1.3
806,01/04/2013 19:10:00,1.8
807,01/04/2013 19:15:00,0.3
808,01/04/2013 19:20:00,0.4
809,01/04/2013 19:25:00,0.7
810,01/04/2013 19:30:00,0.8
811,01/04/2013 19:35:00,1.7
812,01/04/2013 19:40:00,1.4
813,01/04/2013 19:45:00,1.0
814,01/04/2013 19:50:00,0.8
815,01/04/2013 19:55:00,1.0
816,01/04/2013 20:00:00,1.1
817,01/04/2013 20:05:00,1.1
818,01/04/2013 20:10:00,0.7
819,01/04/2013 20:15:00,1.7
820,01/04/2013 20:20:00,0.6
821,01/04/2013 20:25:00,1.6
822,01/04/2013 20:30:00,2.7
823,01/04/2013 20:35:00,1.9
824,01/04/2013 20:40:00,3.6
825,01/04/2013 20:45:00,3.9
826,01/04/2013 20:50:00,2.4
827,01/04/2013 20:55:00,2.8
828,01/04/2013 21:00:00,1.9
829,01/04/2013 21:05:00,0.8
830,01/04/2013 21:10:00,1.3
831,01/04/2013 21:15:00,2.5
832,01/04/2013 21:20:00,1.3
833,01/04/2013 21:25:00,1.0
834,01/04/2013 21:30:00,1.9
835,01/04/2013 21:35:00,1.7
836,01/04/2013 21:40:00,2.1
837,01/04/2013 21:45:00,2.1
838,01/04/2013 21:50:00,3.9
839,01/04/2013 21:55:00,3.4
840,01/04/2013 22:00:00,2.4
841,01/04/2013 22:05:00,2.9
842,01/04/2013 22:10:00,2.2
843,01/04/2013 22:15:00,2.7
844,01/04/2013 22:20:00,2.9
845,01/04/2013 22:25:00,2.2
846,01/04/2013 22:30:00,2.1
847,01/04/2013 22:35:00,3.1
848,01/04/2013 22:40:00,2.5
849,01/04/2013 22:45:00,1.6
850,01/04/2013 22:50:00,1.8
851,01/04/2013 22:55:00,3.7
852,01/04/2013 23:00:00,3.1
853,01/04/2013 23:05:00,3.6
854,01/04/2013 23:10:00,2.9
855,01/04/2013 23:15:00,3.5
856,01/04/2013 23:20:00,3.5
857,01/04/2013 23:25:00,3.1
858,01/04/2013 23:30:00,4.0
859,01/04/2013 23:35:00,4.1
860,01/04/2013 23:40:00,4.4
861,01/04/2013 23:45:00,2.2
862,01/04/2013 23:50:00,2.8
863,01/04/2013 23:55:00,3.6
864,01/05/2013 00:00:00,3.2
865,01/05/2013 00:05:00,3.2
866,01/05/2013 00:10:00,3.8
867,01/05/2013 00:15:00,3.7
868,01/05/2013 00:20:00,3.2
869,01/05/2013 00:25:00,3.1
870,01/05/2013 00:30:00,2.1
871,01/05/2013 00:35:00,2.3
872,01/05/2013 00:40:00,2.8
873,01/05/2013 00:45:00,2.1
874,01/05/2013 00:50:00,2.7
875,01/05/2013 00:55:00,2.6
876,01/05/2013 01:00:00,2.2
877,01/05/2013 01:05:00,3.1
878,01/05/2013 01:10:00,4.6
879,01/05/2013 01:15:00,2.3
880,01/05/2013 01:20:00,2.4
881,01/05/2013 01:25:00,2.7
882,01/05/2013 01:30:00,2.0
883,01/05/2013 01:35:00,3.1
884,01/05/2013 01:40:00,2.6
885,01/05/2013 01:45:00,2.6
886,01/05/2013 01:50:00,2.1
887,01/05/2013 01:55:00,2.6
888,01/05/2013 02:00:00,2.4
889,01/05/2013 02:05:00,1.9
890,01/05/2013 02:10:00,2.7
891,01/05/2013 02:15:00,2.1
892,01/05/2013 02:20:00,0.9
893,01/05/2013 02:25:00,1.8
894,01/05/2013 02:30:00,4.8
895,01/05/2013 02:35:00,4.2
896,01/05/2013 02:40:00,4.0
897,01/05/2013 02:45:00,4.0
898,01/05/2013 02:50:00,4.0
899,01/05/2013 02:55:00,4.4
900,01/05/2013 03:00:00,3.9
901,01/05/2013 03:05:00,3.8
902,01/05/2013 03:10:00,4.4
903,01/05/2013 03:15:00,3.1
904,01/05/2013 03:20:00,3.0
905,01/05/2013 03:25:00,3.8
906,01/05/2013 03:30:00,4.8
907,01/05/2013 03:35:00,5.2
908,01/05/2013 03:40:00,5.8
909,01/05/2013 03:45:00,4.8
910,01/05/2013 03:50:00,4.0
911,01/05/2013 03:55:00,4.0
912,01/05/2013 04:00:00,3.7
913,01/05/2013 04:05:00,2.9
914,01/05/2013 04:10:00,3.3
915,01/05/2013 04:15:00,2.5
916,01/05/2013 04:20:00,2.7
917,01/05/2013 04:25:00,1.8
918,01/05/2013 04:30:00,1.5
919,01/05/2013 04:35:00,1.7
920,01/05/2013 04:40:00,1.2
921,01/05/2013 04:45:00,1.1
922,01/05/2013 04:50:00,1.8
923,01/05/2013 04:55:00,2.7
924,01/05/2013 05:00:00,3.0
925,01/05/2013 05:05:00,3.1
926,01/05/2013 05:10:00,2.6
927,01/05/2013 05:15:00,3.2
928,01/05/2013 05:20:00,3.0
929,01/05/2013 05:25:00,3.4
930,01/05/2013 05:30:00,3.1
931,01/05/2013 05:35:00,3.0
932,01/05/2013 05:40:00,3.1
933,01/05/2013 05:45:00,3.0
934,01/05/2013 05:50:00,4.2
935,01/05/2013 05:55:00,3.3
936,01/05/2013 06:00:00,3.5
937,01/05/2013 06:05:00,4.0
938,01/05/2013 06:10:00,3.8
939,01/05/2013 06:15:00,3.8
940,01/05/2013 06:20:00,4.4
941,01/05/2013 06:25:00,4.1
942,01/05/2013 06:30:00,4.1
943,01/05/2013 06:35:00,3.4
944,01/05/2013 06:40:00,2.7
945,01/05/2013 06:45:00,3.8
946,01/05/2013 06:50:00,3.4
947,01/05/2013 06:55:00,3.6
948,01/05/2013 07:00:00,3.3
949,01/05/2013 07:05:00,3.5
950,01/05/2013 07:10:00,2.8
951,01/05/2013 07:15:00,1.5
952,01/05/2013 07:20:00,0.5
953,01/05/2013 07:25:00,1.7
954,01/05/2013 07:30:00,1.1
955,01/05/2013 07:35:00,3.0
956,01/05/2013 07:40:00,3.0
957,01/05/2013 07:45:00,2.8
958,01/05/2013 07:50:00,3.2
959,01/05/2013 07:55:00,3.6
960,01/05/2013 08:00:00,3.9
961,01/05/2013 08:05:00,4.5
962,01/05/2013 08:10:00,3.5
963,01/05/2013 08:15:00,3.1
964,01/05/2013 08:20:00,2.9
965,01/05/2013 08:25:00,3.6
966,01/05/2013 08:30:00,2.0
967,01/05/2013 08:35:00,1.6
968,01/05/2013 08:40:00,2.7
969,01/05/2013 08:45:00,3.1
970,01/05/2013 08:50:00,2.5
971,01/05/2013 08:55:00,1.4
972,01/05/2013 09:00:00,0.9
973,01/05/2013 09:05:00,2.3
974,01/05/2013 09:10:00,2.9
975,01/05/2013 09:15:00,2.4
976,01/05/2013 09:20:00,2.6
977,01/05/2013 09:25:00,3.6
978,01/05/2013 09:30:00,4.2
979,01/05/2013 09:35:00,4.0
980,01/05/2013 09:40:00,3.8
981,01/05/2013 09:45:00,2.8
982,01/05/2013 09:50:00,2.8
983,01/05/2013 09:55:00,3.5
984,01/05/2013 10:00:00,3.3
985,01/05/2013 10:05:00,3.3
986,01/05/2013 10:10:00,2.8
987,01/05/2013 10:15:00,1.9
988,01/05/2013 10:20:00,2.6
989,01/05/2013 10:25:00,1.6
990,01/05/2013 10:30:00,1.5
991,01/05/2013 10:35:00,4.0
992,01/05/2013 10:40:00,3.7
993,01/05/2013 10:45:00,2.9
994,01/05/2013 10:50:00,2.4
995,01/05/2013 10:55:00,2.0
996,01/05/2013 11:00:00,2.8
997,01/05/2013 11:05:00,2.4
998,01/05/2013 11:10:00,3.6
999,01/05/2013 11:15:00,3.7
1000,01/05/2013 11:20:00,3.2
1001,01/05/2013 11:25:00,2.3
1002,01/05/2013 11:30:00,3.1
1003,01/05/2013 11:35:00,2.2
1004,01/05/2013 11:40:00,4.3
1005,01/05/2013 11:45:00,3.8
1006,01/05/2013 11:50:00,2.6
1007,01/05/2013 11:55:00,2.4
1008,01/05/2013 12:00:00,2.7
1009,01/05/2013 12:05:00,2.9
1010,01/05/2013 12:10:00,3.8
1011,01/05/2013 12:15:00,3.1
1012,01/05/2013 12:20:00,4.0
1013,01/05/2013 12:25:00,4.0
1014,01/05/2013 12:30:00,3.3
1015,01/05/2013 12:35:00,3.2
1016,01/05/2013 12:40:00,2.5
1017,01/05/2013 12:45:00,3.1
1018,01/05/2013 12:50:00,2.2
1019,01/05/2013 12:55:00,2.8
1020,01/05/2013 13:00:00,1.3
1021,01/05/2013 13:05:00,3.0
1022,01/05/2013 13:10:00,4.3
1023,01/05/2013 13:15:00,4.1
1024,01/05/2013 13:20:00,2.9
1025,01/05/2013 13:25:00,2.5
1026,01/05/2013 13:30:00,2.5
1027,01/05/2013 13:35:00,1.9
1028,01/05/2013 13:40:00,4.3
1029,01/05/2013 13:45:00,5.1
1030,01/05/2013 13:50:00,5.6
1031,01/05/2013 13:55:00,6.8
1032,01/05/2013 14:00:00,6.2
1033,01/05/2013 14:05:00,5.5
1034,01/05/2013 14:10:00,6.3
1035,01/05/2013 14:15:00,11.1
1036,01/05/2013 14:20:00,10.7
1037,01/05/2013 14:25:00,10.0
1038,01/05/2013 14:30:00,10.7
1039,01/05/2013 14:35:00,7.6
1040,01/05/2013 14:40:00,6.6
1041,01/05/2013 14:45:00,4.1
1042,01/05/2013 14:50:00,9.0
1043,01/05/2013 14:55:00,11.8
1044,01/05/2013 15:00:00,10.6
1045,01/05/2013 15:05:00,4.9
1046,01/05/2013 15:10:00,4.8
1047,01/05/2013 15:15:00,5.6
1048,01/05/2013 15:20:00,5.1
1049,01/05/2013 15:25:00,4.9
1050,01/05/2013 15:30:00,3.3
1051,01/05/2013 15:35:00,3.0
1052,01/05/2013 15:40:00,6.0
1053,01/05/2013 15:45:00,3.1
1054,01/05/2013 15:50:00,3.2
1055,01/05/2013 15:55:00,4.6
1056,01/05/2013 16:00:00,5.6
1057,01/05/2013 16:05:00,2.0
1058,01/05/2013 16:10:00,3.7
1059,01/05/2013 16:15:00,2.0
1060,01/05/2013 16:20:00,1.2
1061,01/05/2013 16:25:00,0.6
1062,01/05/2013 16:30:00,0.9
1063,01/05/2013 16:35:00,1.6
1064,01/05/2013 16:40:00,3.0
1065,01/05/2013 16:45:00,3.4
1066,01/05/2013 16:50:00,3.5
1067,01/05/2013 16:55:00,3.9
1068,01/05/2013 17:00:00,4.9
1069,01/05/2013 17:05:00,4.1
1070,01/05/2013 17:10:00,4.0
1071,01/05/2013 17:15:00,2.7
1072,01/05/2013 17:20:00,2.1
1073,01/05/2013 17:25:00,1.5
1074,01/05/2013 17:30:00,2.5
1075,01/05/2013 17:35:00,2.5
1076,01/05/2013 17:40:00,3.2
1077,01/05/2013 17:45:00,2.8
1078,01/05/2013 17:50:00,2.5
1079,01/05/2013 17:55:00,2.4
1080,01/05/2013 18:00:00,2.8
1081,01/05/2013 18:05:00,2.4
1082,01/05/2013 18:10:00,2.7
1083,01/05/2013 18:15:00,3.8
1084,01/05/2013 18:20:00,4.6
1085,01/05/2013 18:25:00,5.4
1086,01/05/2013 18:30:00,4.6
1087,01/05/2013 18:35:00,4.6
1088,01/05/2013 18:40:00,1.9
1089,01/05/2013 18:45:00,0.4
1090,01/05/2013 18:50:00,2.1
1091,01/05/2013 18:55:00,4.5
1092,01/05/2013 19:00:00,5.6
1093,01/05/2013 19:05:00,3.9
1094,01/05/2013 19:10:00,0.7
1095,01/05/2013 19:15:00,1.2
1096,01/05/2013 19:20:00,1.7
1097,01/05/2013 19:25:00,1.3
1098,01/05/2013 19:30:00,0.7
1099,01/05/2013 19:35:00,0.8
1100,01/05/2013 19:40:00,0.7
1101,01/05/2013 19:45:00,0.9
1102,01/05/2013 19:50:00,2.3
1103,01/05/2013 19:55:00,2.1
1104,01/05/2013 20:00:00,2.3
1105,01/05/2013 20:05:00,1.7
1106,01/05/2013 20:10:00,1.2
1107,01/05/2013 20:15:00,0.6
1108,01/05/2013 20:20:00,0.9
1109,01/05/2013 20:25:00,1.1
1110,01/05/2013 20:30:00,2.8
1111,01/05/2013 20:35:00,3.8
1112,01/05/2013 20:40:00,5.1
1113,01/05/2013 20:45:00,4.8
1114,01/05/2013 20:50:00,2.9
1115,01/05/2013 20:55:00,2.7
1116,01/05/2013 21:00:00,3.2
1117,01/05/2013 21:05:00,3.5
1118,01/05/2013 21:10:00,2.6
1119,01/05/2013 21:15:00,2.8
1120,01/05/2013 21:20:00,3.1
1121,01/05/2013 21:25:00,2.6
1122,01/05/2013 21:30:00,4.1
1123,01/05/2013 21:35:00,5.0
1124,01/05/2013 21:40:00,5.1
1125,01/05/2013 21:45:00,5.2
1126,01/05/2013 21:50:00,6.5
1127,01/05/2013 21:55:00,6.9
1128,01/05/2013 22:00:00,6.5
1129,01/05/2013 22:05:00,5.0
1130,01/05/2013 22:10:00,5.5
1131,01/05/2013 22:15:00,4.8
1132,01/05/2013 22:20:00,4.2
1133,01/05/2013 22:25:00,4.6
1134,01/05/2013 22:30:00,6.6
1135,01/05/2013 22:35:00,4.5
1136,01/05/2013 22:40:00,3.6
1137,01/05/2013 22:45:00,2.9
1138,01/05/2013 22:50:00,1.0
1139,01/05/2013 22:55:00,0.7
1140,01/05/2013 23:00:00,1.1
1141,01/05/2013 23:05:00,2.2
1142,01/05/2013 23:10:00,3.1
1143,01/05/2013 23:15:00,2.4
1144,01/05/2013 23:20:00,1.9
1145,01/05/2013 23:25:00,2.3
1146,01/05/2013 23:30:00,3.3
1147,01/05/2013 23:35:00,4.0
1148,01/05/2013 23:40:00,2.5
1149,01/05/2013 23:45:00,2.6
1150,01/05/2013 23:50:00,1.5
1151,01/05/2013 23:55:00,1.9
1152,01/06/2013 00:00:00,2.0
1153,01/06/2013 00:05:00,1.5
1154,01/06/2013 00:10:00,2.9
1155,01/06/2013 00:15:00,3.1
1156,01/06/2013 00:20:00,2.6
1157,01/06/2013 00:25:00,3.0
1158,01/06/2013 00:30:00,2.4
1159,01/06/2013 00:35:00,3.5
1160,01/06/2013 00:40:00,3.9
1161,01/06/2013 00:45:00,3.9
1162,01/06/2013 00:50:00,3.4
1163,01/06/2013 00:55:00,2.3
1164,01/06/2013 01:00:00,2.1
1165,01/06/2013 01:05:00,2.4
1166,01/06/2013 01:10:00,2.8
1167,01/06/2013 01:15:00,2.7
1168,01/06/2013 01:20:00,2.5
1169,01/06/2013 01:25:00,3.5
1170,01/06/2013 01:30:00,2.7
1171,01/06/2013 01:35:00,2.0
1172,01/06/2013 01:40:00,1.2
1173,01/06/2013 01:45:00,0.9
1174,01/06/2013 01:50:00,1.3
1175,01/06/2013 01:55:00,1.8
1176,01/06/2013 02:00:00,2.1
1177,01/06/2013 02:05:00,1.7
1178,01/06/2013 02:10:00,2.5
1179,01/06/2013 02:15:00,2.5
1180,01/06/2013 02:20:00,2.5
1181,01/06/2013 02:25:00,3.3
1182,01/06/2013 02:30:00,3.2
1183,01/06/2013 02:35:00,3.7
1184,01/06/2013 02:40:00,4.4
1185,01/06/2013 02:45:00,2.4
1186,01/06/2013 02:50:00,3.7
1187,01/06/2013 02:55:00,3.0
1188,01/06/2013 03:00:00,2.8
1189,01/06/2013 03:05:00,5.4
1190,01/06/2013 03:10:00,4.7
1191,01/06/2013 03:15:00,4.4
1192,01/06/2013 03:20:00,3.0
1193,01/06/2013 03:25:00,1.8
1194,01/06/2013 03:30:00,2.2
1195,01/06/2013 03:35:00,3.7
1196,01/06/2013 03:40:00,2.3
1197,01/06/2013 03:45:00,1.5
1198,01/06/2013 03:50:00,1.2
1199,01/06/2013 03:55:00,1.4
1200,01/06/2013 04:00:00,2.0
1201,01/06/2013 04:05:00,2.3
1202,01/06/2013 04:10:00,2.6
1203,01/06/2013 04:15:00,2.7
1204,01/06/2013 04:20:00,2.8
1205,01/06/2013 04:25:00,2.0
1206,01/06/2013 04:30:00,2.0
1207,01/06/2013 04:35:00,1.7
1208,01/06/2013 04:40:00,2.0
1209,01/06/2013 04:45:00,2.7
1210,01/06/2013 04:50:00,2.5
1211,01/06/2013 04:55:00,4.0
1212,01/06/2013 05:00:00,4.3
1213,01/06/2013 05:05:00,4.2
1214,01/06/2013 05:10:00,2.4
1215,01/06/2013 05:15:00,0.7
1216,01/06/2013 05:20:00,1.7
1217,01/06/2013 05:25:00,1.8
1218,01/06/2013 05:30:00,2.7
1219,01/06/2013 05:35:00,2.3
1220,01/06/2013 05:40:00,1.0
1221,01/06/2013 05:45:00,1.7
1222,01/06/2013 05:50:00,0.5
1223,01/06/2013 05:55:00,2.0
1224,01/06/2013 06:00:00,1.4
1225,01/06/2013 06:05:00,0.9
1226,01/06/2013 06:10:00,0.7
1227,01/06/2013 06:15:00,0.5
1228,01/06/2013 06:20:00,0.7
1229,01/06/2013 06:25:00,0.6
1230,01/06/2013 06:30:00,0.8
1231,01/06/2013 06:35:00,0.5
1232,01/06/2013 06:40:00,0.6
1233,01/06/2013 06:45:00,0.5
1234,01/06/2013 06:50:00,1.7
1235,01/06/2013 06:55:00,3.0
1236,01/06/2013 07:00:00,1.2
1237,01/06/2013 07:05:00,0.7
1238,01/06/2013 07:10:00,1.4
1239,01/06/2013 07:15:00,0.7
1240,01/06/2013 07:20:00,1.1
1241,01/06/2013 07:25:00,2.1
1242,01/06/2013 07:30:00,2.4
1243,01/06/2013 07:35:00,2.4
1244,01/06/2013 07:40:00,2.0
1245,01/06/2013 07:45:00,2.4
1246,01/06/2013 07:50:00,1.8
1247,01/06/2013 07:55:00,2.5
1248,01/06/2013 08:00:00,3.3
1249,01/06/2013 08:05:00,2.2
1250,01/06/2013 08:10:00,1.7
1251,01/06/2013 08:15:00,2.8
1252,01/06/2013 08:20:00,1.9
1253,01/06/2013 08:25:00,1.7
1254,01/06/2013 08:30:00,3.0
1255,01/06/2013 08:35:00,2.8
1256,01/06/2013 08:40:00,1.9
1257,01/06/2013 08:45:00,0.3
1258,01/06/2013 08:50:00,0.4
1259,01/06/2013 08:55:00,1.9
1260,01/06/2013 09:00:00,1.5
1261,01/06/2013 09:05:00,3.0
1262,01/06/2013 09:10:00,2.2
1263,01/06/2013 09:15:00,2.4
1264,01/06/2013 09:20:00,2.4
1265,01/06/2013 09:25:00,3.1
1266,01/06/2013 09:30:00,2.5
1267,01/06/2013 09:35:00,2.2
1268,01/06/2013 09:40:00,1.7
1269,01/06/2013 09:45:00,1.3
1270,01/06/2013 09:50:00,1.0
1271,01/06/2013 09:55:00,2.1
1272,01/06/2013 10:00:00,1.0
1273,01/06/2013 10:05:00,0.6
1274,01/06/2013 10:10:00,1.5
1275,01/06/2013 10:15:00,2.1
1276,01/06/2013 10:20:00,1.3
1277,01/06/2013 10:25:00,0.3
1278,01/06/2013 10:30:00,0.1
1279,01/06/2013 10:35:00,0.1
1280,01/06/2013 10:40:00,0.6
1281,01/06/2013 10:45:00,0.5
1282,01/06/2013 10:50:00,1.1
1283,01/06/2013 10:55:00,1.9
1284,01/06/2013 11:00:00,2.5
1285,01/06/2013 11:05:00,2.6
1286,01/06/2013 11:10:00,2.8
1287,01/06/2013 11:15:00,2.6
1288,01/06/2013 11:20:00,3.3
1289,01/06/2013 11:25:00,3.4
1290,01/06/2013 11:30:00,3.2
1291,01/06/2013 11:35:00,3.1
1292,01/06/2013 11:40:00,2.4
1293,01/06/2013 11:45:00,2.7
1294,01/06/2013 11:50:00,2.7
1295,01/06/2013 11:55:00,1.7
1296,01/06/2013 12:00:00,1.2
1297,01/06/2013 12:05:00,0.8
1298,01/06/2013 12:10:00,0.8
1299,01/06/2013 12:15:00,2.4
1300,01/06/2013 12:20:00,3.3
1301,01/06/2013 12:25:00,3.3
1302,01/06/2013 12:30:00,3.4
1303,01/06/2013 12:35:00,3.6
1304,01/06/2013 12:40:00,2.9
1305,01/06/2013 12:45:00,2.2
1306,01/06/2013 12:50:00,1.3
1307,01/06/2013 12:55:00,2.8
1308,01/06/2013 13:00:00,2.8
1309,01/06/2013 13:05:00,2.8
1310,01/06/2013 13:10:00,3.1
1311,01/06/2013 13:15:00,4.0
1312,01/06/2013 13:20:00,3.7
1313,01/06/2013 13:25:00,3.7
1314,01/06/2013 13:30:00,4.4
1315,01/06/2013 13:35:00,3.8
1316,01/06/2013 13:40:00,2.6
1317,01/06/2013 13:45:00,2.0
1318,01/06/2013 13:50:00,1.5
1319,01/06/2013 13:55:00,0.7
1320,01/06/2013 14:00:00,1.4
1321,01/06/2013 14:05:00,2.1
1322,01/06/2013 14:10:00,2.4
1323,01/06/2013 14:15:00,2.5
1324,01/06/2013 14:20:00,3.1
1325,01/06/2013 14:25:00,3.5
1326,01/06/2013 14:30:00,3.3
1327,01/06/2013 14:35:00,4.0
1328,01/06/2013 14:40:00,3.5
1329,01/06/2013 14:45:00,3.6
1330,01/06/2013 14:50:00,3.0
1331,01/06/2013 14:55:00,2.5
1332,01/06/2013 15:00:00,1.1
1333,01/06/2013 15:05:00,0.9
1334,01/06/2013 15:10:00,1.6
1335,01/06/2013 15:15:00,1.0
1336,01/06/2013 15:20:00,0.7
1337,01/06/2013 15:25:00,0.8
1338,01/06/2013 15:30:00,1.5
1339,01/06/2013 15:35:00,1.0
1340,01/06/2013 15:40:00,0.9
1341,01/06/2013 15:45:00,0.6
1342,01/06/2013 15:50:00,0.5
1343,01/06/2013 15:55:00,2.4
1344,01/06/2013 16:00:00,2.4
1345,01/06/2013 16:05:00,3.2
1346,01/06/2013 16:10:00,3.4
1347,01/06/2013 16:15:00,3.4
1348,01/06/2013 16:20:00,3.6
1349,01/06/2013 16:25:00,3.7
1350,01/06/2013 16:30:00,3.9
1351,01/06/2013 16:35:00,4.2
1352,01/06/2013 16:40:00,3.4
1353,01/06/2013 16:45:00,3.7
1354,01/06/2013 16:50:00,3.9
1355,01/06/2013 16:55:00,2.6
1356,01/06/2013 17:00:00,3.1
1357,01/06/2013 17:05:00,3.2
1358,01/06/2013 17:10:00,3.7
1359,01/06/2013 17:15:00,3.1
1360,01/06/2013 17:20:00,3.7
1361,01/06/2013 17:25:00,4.1
1362,01/06/2013 17:30:00,3.3
1363,01/06/2013 17:35:00,3.4
1364,01/06/2013 17:40:00,3.9
1365,01/06/2013 17:45:00,3.5
1366,01/06/2013 17:50:00,3.0
1367,01/06/2013 17:55:00,2.6
1368,01/06/2013 18:00:00,2.8
1369,01/06/2013 18:05:00,2.6
1370,01/06/2013 18:10:00,1.8
1371,01/06/2013 18:15:00,3.0
1372,01/06/2013 18:20:00,2.6
1373,01/06/2013 18:25:00,2.7
1374,01/06/2013 18:30:00,3.6
1375,01/06/2013 18:35:00,1.7
1376,01/06/2013 18:40:00,2.2
1377,01/06/2013 18:45:00,1.8
1378,01/06/2013 18:50:00,2.2
1379,01/06/2013 18:55:00,1.8
1380,01/06/2013 19:00:00,2.6
1381,01/06/2013 19:05:00,2.7
1382,01/06/2013 19:10:00,2.8
1383,01/06/2013 19:15:00,2.4
1384,01/06/2013 19:20:00,3.3
1385,01/06/2013 19:25:00,2.7
1386,01/06/2013 19:30:00,1.7
1387,01/06/2013 19:35:00,2.9
1388,01/06/2013 19:40:00,3.1
1389,01/06/2013 19:45:00,1.8
1390,01/06/2013 19:50:00,1.7
1391,01/06/2013 19:55:00,1.9
1392,01/06/2013 20:00:00,0.8
1393,01/06/2013 20:05:00,0.7
1394,01/06/2013 20:10:00,0.6
1395,01/06/2013 20:15:00,0.8
1396,01/06/2013 20:20:00,1.1
1397,01/06/2013 20:25:00,1.3
1398,01/06/2013 20:30:00,1.8
1399,01/06/2013 20:35:00,1.7
1400,01/06/2013 20:40:00,2.4
1401,01/06/2013 20:45:00,2.3
1402,01/06/2013 20:50:00,2.5
1403,01/06/2013 20:55:00,1.0
1404,01/06/2013 21:00:00,3.1
1405,01/06/2013 21:05:00,4.4
1406,01/06/2013 21:10:00,4.3
1407,01/06/2013 21:15:00,2.2
1408,01/06/2013 21:20:00,2.5
1409,01/06/2013 21:25:00,2.2
1410,01/06/2013 21:30:00,2.4
1411,01/06/2013 21:35:00,4.0
1412,01/06/2013 21:40:00,4.9
1413,01/06/2013 21:45:00,4.2
1414,01/06/2013 21:50:00,4.6
1415,01/06/2013 21:55:00,5.1
1416,01/06/2013 22:00:00,4.4
1417,01/06/2013 22:05:00,3.8
1418,01/06/2013 22:10:00,4.2
1419,01/06/2013 22:15:00,3.6
1420,01/06/2013 22:20:00,3.6
1421,01/06/2013 22:25:00,2.8
1422,01/06/2013 22:30:00,3.4
1423,01/06/2013 22:35:00,3.6
1424,01/06/2013 22:40:00,2.8
1425,01/06/2013 22:45:00,2.2
1426,01/06/2013 22:50:00,2.6
1427,01/06/2013 22:55:00,2.4
1428,01/06/2013 23:00:00,2.6
1429,01/06/2013 23:05:00,3.2
1430,01/06/2013 23:10:00,4.0
1431,01/06/2013 23:15:00,3.2
1432,01/06/2013 23:20:00,3.8
1433,01/06/2013 23:25:00,3.9
1434,01/06/2013 23:30:00,2.7
1435,01/06/2013 23:35:00,2.5
1436,01/06/2013 23:40:00,2.9
1437,01/06/2013 23:45:00,3.1
1438,01/06/2013 23:50:00,1.8
1439,01/06/2013 23:55:00,2.7
1440,01/07/2013 00:00:00,1.7
1441,01/07/2013 00:05:00,2.7
1442,01/07/2013 00:10:00,1.5
1443,01/07/2013 00:15:00,1.7
1444,01/07/2013 00:20:00,0.5
1445,01/07/2013 00:25:00,0.7
1446,01/07/2013 00:30:00,1.5
1447,01/07/2013 00:35:00,1.0
1448,01/07/2013 00:40:00,0.9
1449,01/07/2013 00:45:00,2.2
1450,01/07/2013 00:50:00,2.6
1451,01/07/2013 00:55:00,4.6
1452,01/07/2013 01:00:00,4.9
1453,01/07/2013 01:05:00,4.9
1454,01/07/2013 01:10:00,5.7
1455,01/07/2013 01:15:00,5.4
1456,01/07/2013 01:20:00,3.7
1457,01/07/2013 01:25:00,2.1
1458,01/07/2013 01:30:00,2.9
1459,01/07/2013 01:35:00,3.5
1460,01/07/2013 01:40:00,3.1
1461,01/07/2013 01:45:00,2.8
1462,01/07/2013 01:50:00,2.6
1463,01/07/2013 01:55:00,2.9
1464,01/07/2013 02:00:00,3.0
1465,01/07/2013 02:05:00,2.1
1466,01/07/2013 02:10:00,3.2
1467,01/07/2013 02:15:00,4.3
1468,01/07/2013 02:20:00,3.2
1469,01/07/2013 02:25:00,3.2
1470,01/07/2013 02:30:00,4.5
1471,01/07/2013 02:35:00,4.5
1472,01/07/2013 02:40:00,2.3
1473,01/07/2013 02:45:00,2.4
1474,01/07/2013 02:50:00,3.2
1475,01/07/2013 02:55:00,2.7
1476,01/07/2013 03:00:00,2.9
1477,01/07/2013 03:05:00,3.4
1478,01/07/2013 03:10:00,2.5
1479,01/07/2013 03:15:00,2.7
1480,01/07/2013 03:20:00,2.8
1481,01/07/2013 03:25:00,2.4
1482,01/07/2013 03:30:00,2.8
1483,01/07/2013 03:35:00,4.0
1484,01/07/2013 03:40:00,5.4
1485,01/07/2013 03:45:00,4.7
1486,01/07/2013 03:50:00,2.8
1487,01/07/2013 03:55:00,2.5
1488,01/07/2013 04:00:00,3.7
1489,01/07/2013 04:05:00,2.6
1490,01/07/2013 04:10:00,2.8
1491,01/07/2013 04:15:00,3.0
1492,01/07/2013 04:20:00,2.3
1493,01/07/2013 04:25:00,2.5
1494,01/07/2013 04:30:00,2.7
1495,01/07/2013 04:35:00,3.1
1496,01/07/2013 04:40:00,3.1
1497,01/07/2013 04:45:00,3.5
1498,01/07/2013 04:50:00,3.8
1499,01/07/2013 04:55:00,3.4
1500,01/07/2013 05:00:00,4.0
1501,01/07/2013 05:05:00,4.0
1502,01/07/2013 05:10:00,3.3
1503,01/07/2013 05:15:00,4.0
1504,01/07/2013 05:20:00,5.3
1505,01/07/2013 05:25:00,4.5
1506,01/07/2013 05:30:00,3.7
1507,01/07/2013 05:35:00,3.7
1508,01/07/2013 05:40:00,3.4
1509,01/07/2013 05:45:00,3.4
1510,01/07/2013 05:50:00,2.8
1511,01/07/2013 05:55:00,3.2
1512,01/07/2013 06:00:00,2.6
1513,01/07/2013 06:05:00,1.8
1514,01/07/2013 06:10:00,2.1
1515,01/07/2013 06:15:00,2.1
1516,01/07/2013 06:20:00,3.5
1517,01/07/2013 06:25:00,2.5
1518,01/07/2013 06:30:00,1.7
1519,01/07/2013 06:35:00,1.5
1520,01/07/2013 06:40:00,1.8
1521,01/07/2013 06:45:00,2.0
1522,01/07/2013 06:50:00,2.3
1523,01/07/2013 06:55:00,2.2
1524,01/07/2013 07:00:00,3.2
1525,01/07/2013 07:05:00,1.9
1526,01/07/2013 07:10:00,1.5
1527,01/07/2013 07:15:00,2.5
1528,01/07/2013 07:20:00,3.7
1529,01/07/2013 07:25:00,4.2
1530,01/07/2013 07:30:00,2.6
1531,01/07/2013 07:35:00,3.0
1532,01/07/2013 07:40:00,3.4
1533,01/07/2013 07:45:00,3.4
1534,01/07/2013 07:50:00,4.0
1535,01/07/2013 07:55:00,3.9
1536,01/07/2013 08:00:00,4.2
1537,01/07/2013 08:05:00,4.6
1538,01/07/2013 08:10:00,5.3
1539,01/07/2013 08:15:00,4.4
1540,01/07/2013 08:20:00,3.5
1541,01/07/2013 08:25:00,3.1
1542,01/07/2013 08:30:00,2.4
1543,01/07/2013 08:35:00,1.1
1544,01/07/2013 08:40:00,1.0
1545,01/07/2013 08:45:00,1.6
1546,01/07/2013 08:50:00,2.5
1547,01/07/2013 08:55:00,3.5
1548,01/07/2013 09:00:00,2.3
1549,01/07/2013 09:05:00,2.8
1550,01/07/2013 09:10:00,3.1
1551,01/07/2013 09:15:00,6.5
1552,01/07/2013 09:20:00,8.8
1553,01/07/2013 09:25:00,8.6
1554,01/07/2013 09:30:00,11.2
1555,01/07/2013 09:35:00,10.9
1556,01/07/2013 09:40:00,11.0
1557,01/07/2013 09:45:00,10.8
1558,01/07/2013 09:50:00,12.1
1559,01/07/2013 09:55:00,10.4
1560,01/07/2013 10:00:00,11.6
1561,01/07/2013 10:05:00,9.0
1562,01/07/2013 10:10:00,9.5
1563,01/07/2013 10:15:00,6.6
1564,01/07/2013 10:20:00,7.4
1565,01/07/2013 10:25:00,5.2
1566,01/07/2013 10:30:00,7.7
1567,01/07/2013 10:35:00,6.9
1568,01/07/2013 10:40:00,7.6
1569,01/07/2013 10:45:00,9.6
1570,01/07/2013 10:50:00,9.7
1571,01/07/2013 10:55:00,6.6
1572,01/07/2013 11:00:00,6.1
1573,01/07/2013 11:05:00,6.6
1574,01/07/2013 11:10:00,5.9
1575,01/07/2013 11:15:00,5.8
1576,01/07/2013 11:20:00,5.4
1577,01/07/2013 11:25:00,3.7
1578,01/07/2013 11:30:00,3.3
1579,01/07/2013 11:35:00,2.5
1580,01/07/2013 11:40:00,1.5
1581,01/07/2013 11:45:00,2.3
1582,01/07/2013 11:50:00,3.4
1583,01/07/2013 11:55:00,4.8
1584,01/07/2013 12:00:00,4.8
1585,01/07/2013 12:05:00,4.6
1586,01/07/2013 12:10:00,5.5
1587,01/07/2013 12:15:00,5.9
1588,01/07/2013 12:20:00,4.2
1589,01/07/2013 12:25:00,4.5
1590,01/07/2013 12:30:00,2.6
1591,01/07/2013 12:35:00,2.0
1592,01/07/2013 12:40:00,4.6
1593,01/07/2013 12:45:00,4.8
1594,01/07/2013 12:50:00,4.2
1595,01/07/2013 12:55:00,3.2
1596,01/07/2013 13:00:00,3.2
1597,01/07/2013 13:05:00,3.3
1598,01/07/2013 13:10:00,4.4
1599,01/07/2013 13:15:00,3.3
1600,01/07/2013 13:20:00,3.1
1601,01/07/2013 13:25:00,4.7
1602,01/07/2013 13:30:00,4.9
1603,01/07/2013 13:35:00,4.1
1604,01/07/2013 13:40:00,5.5
1605,01/07/2013 13:45:00,4.3
1606,01/07/2013 13:50:00,3.7
1607,01/07/2013 13:55:00,3.4
1608,01/07/2013 14:00:00,3.5
1609,01/07/2013 14:05:00,5.1
1610,01/07/2013 14:10:00,5.4
1611,01/07/2013 14:15:00,6.0
1612,01/07/2013 14:20:00,6.5
1613,01/07/2013 14:25:00,5.8
1614,01/07/2013 14:30:00,6.1
1615,01/07/2013 14:35:00,7.5
1616,01/07/2013 14:40:00,6.3
1617,01/07/2013 14:45:00,5.9
1618,01/07/2013 14:50:00,6.8
1619,01/07/2013 14:55:00,6.1
1620,01/07/2013 15:00:00,5.9
1621,01/07/2013 15:05:00,5.1
1622,01/07/2013 15:10:00,6.0
1623,01/07/2013 15:15:00,4.7
1624,01/07/2013 15:20:00,5.1
1625,01/07/2013 15:25:00,5.2
1626,01/07/2013 15:30:00,6.9
1627,01/07/2013 15:35:00,6.1
1628,01/07/2013 15:40:00,4.7
1629,01/07/2013 15:45:00,7.0
1630,01/07/2013 15:50:00,7.0
1631,01/07/2013 15:55:00,8.5
1632,01/07/2013 16:00:00,7.5
1633,01/07/2013 16:05:00,5.8
1634,01/07/2013 16:10:00,6.8
1635,01/07/2013 16:15:00,6.4
1636,01/07/2013 16:20:00,6.8
1637,01/07/2013 16:25:00,6.7
1638,01/07/2013 16:30:00,7.4
1639,01/07/2013 16:35:00,6.9
1640,01/07/2013 16:40:00,7.3
1641,01/07/2013 16:45:00,7.0
1642,01/07/2013 16:50:00,7.4
1643,01/07/2013 16:55:00,8.2
1644,01/07/2013 17:00:00,7.4
1645,01/07/2013 17:05:00,6.6
1646,01/07/2013 17:10:00,8.6
1647,01/07/2013 17:15:00,6.6
1648,01/07/2013 17:20:00,8.1
1649,01/07/2013 17:25:00,6.2
1650,01/07/2013 17:30:00,6.6
1651,01/07/2013 17:35:00,6.6
1652,01/07/2013 17:40:00,5.6
1653,01/07/2013 17:45:00,6.5
1654,01/07/2013 17:50:00,5.1
1655,01/07/2013 17:55:00,4.7
1656,01/07/2013 18:00:00,6.4
1657,01/07/2013 18:05:00,9.2
1658,01/07/2013 18:10:00,8.9
1659,01/07/2013 18:15:00,5.4
1660,01/07/2013 18:20:00,5.8
1661,01/07/2013 18:25:00,7.7
1662,01/07/2013 18:30:00,6.2
1663,01/07/2013 18:35:00,6.5
1664,01/07/2013 18:40:00,7.7
1665,01/07/2013 18:45:00,6.9
1666,01/07/2013 18:50:00,7.7
1667,01/07/2013 18:55:00,6.4
1668,01/07/2013 19:00:00,6.0
1669,01/07/2013 19:05:00,6.4
1670,01/07/2013 19:10:00,6.9
1671,01/07/2013 19:15:00,4.2
1672,01/07/2013 19:20:00,6.7
1673,01/07/2013 19:25:00,4.8
1674,01/07/2013 19:30:00,6.4
1675,01/07/2013 19:35:00,6.2
1676,01/07/2013 19:40:00,3.9
1677,01/07/2013 19:45:00,4.5
1678,01/07/2013 19:50:00,4.5
1679,01/07/2013 19:55:00,5.4
1680,01/07/2013 20:00:00,8.6
1681,01/07/2013 20:05:00,6.9
1682,01/07/2013 20:10:00,5.2
1683,01/07/2013 20:15:00,9.0
1684,01/07/2013 20:20:00,6.6
1685,01/07/2013 20:25:00,5.2
1686,01/07/2013 20:30:00,5.0
1687,01/07/2013 20:35:00,3.4
1688,01/07/2013 20:40:00,5.0
1689,01/07/2013 20:45:00,2.4
1690,01/07/2013 20:50:00,3.1
1691,01/07/2013 20:55:00,4.7
1692,01/07/2013 21:00:00,4.6
1693,01/07/2013 21:05:00,5.9
1694,01/07/2013 21:10:00,5.5
1695,01/07/2013 21:15:00,4.3
1696,01/07/2013 21:20:00,2.9
1697,01/07/2013 21:25:00,2.2
1698,01/07/2013 21:30:00,3.5
1699,01/07/2013 21:35:00,5.9
1700,01/07/2013 21:40:00,7.0
1701,01/07/2013 21:45:00,6.5
1702,01/07/2013 21:50:00,6.8
1703,01/07/2013 21:55:00,6.8
1704,01/07/2013 22:00:00,7.5
1705,01/07/2013 22:05:00,9.0
1706,01/07/2013 22:10:00,9.5
1707,01/07/2013 22:15:00,11.2
1708,01/07/2013 22:20:00,9.0
1709,01/07/2013 22:25:00,8.0
1710,01/07/2013 22:30:00,6.0
1711,01/07/2013 22:35:00,8.3
1712,01/07/2013 22:40:00,8.3
1713,01/07/2013 22:45:00,7.6
1714,01/07/2013 22:50:00,8.0
1715,01/07/2013 22:55:00,7.9
1716,01/07/2013 23:00:00,7.9
1717,01/07/2013 23:05:00,6.1
1718,01/07/2013 23:10:00,6.5
1719,01/07/2013 23:15:00,7.3
1720,01/07/2013 23:20:00,6.9
1721,01/07/2013 23:25:00,6.7
1722,01/07/2013 23:30:00,7.0
1723,01/07/2013 23:35:00,6.4
1724,01/07/2013 23:40:00,5.3
1725,01/07/2013 23:45:00,6.0
1726,01/07/2013 23:50:00,5.9
1727,01/07/2013 23:55:00,5.5
1728,01/08/2013 00:00:00,5.8
1729,01/08/2013 00:05:00,5.7
1730,01/08/2013 00:10:00,6.1
1731,01/08/2013 00:15:00,7.8
1732,01/08/2013 00:20:00,6.2
1733,01/08/2013 00:25:00,6.7
1734,01/08/2013 00:30:00,6.7
1735,01/08/2013 00:35:00,4.8
1736,01/08/2013 00:40:00,5.8
1737,01/08/2013 00:45:00,6.0
1738,01/08/2013 00:50:00,5.5
1739,01/08/2013 00:55:00,4.9
1740,01/08/2013 01:00:00,6.0
1741,01/08/2013 01:05:00,4.6
1742,01/08/2013 01:10:00,5.8
1743,01/08/2013 01:15:00,5.9
1744,01/08/2013 01:20:00,5.4
1745,01/08/2013 01:25:00,4.7
1746,01/08/2013 01:30:00,3.6
1747,01/08/2013 01:35:00,4.9
1748,01/08/2013 01:40:00,4.3
1749,01/08/2013 01:45:00,5.7
1750,01/08/2013 01:50:00,4.9
1751,01/08/2013 01:55:00,2.7
1752,01/08/2013 02:00:00,3.2
1753,01/08/2013 02:05:00,3.1
1754,01/08/2013 02:10:00,2.8
1755,01/08/2013 02:15:00,2.7
1756,01/08/2013 02:20:00,2.2
1757,01/08/2013 02:25:00,2.4
1758,01/08/2013 02:30:00,2.5
1759,01/08/2013 02:35:00,2.7
1760,01/08/2013 02:40:00,2.5
1761,01/08/2013 02:45:00,2.4
1762,01/08/2013 02:50:00,1.4
1763,01/08/2013 02:55:00,2.4
1764,01/08/2013 03:00:00,1.9
1765,01/08/2013 03:05:00,1.8
1766,01/08/2013 03:10:00,2.7
1767,01/08/2013 03:15:00,3.2
1768,01/08/2013 03:20:00,3.2
1769,01/08/2013 03:25:00,2.3
1770,01/08/2013 03:30:00,2.8
1771,01/08/2013 03:35:00,2.2
1772,01/08/2013 03:40:00,1.7
1773,01/08/2013 03:45:00,1.6
1774,01/08/2013 03:50:00,0.9
1775,01/08/2013 03:55:00,1.0
1776,01/08/2013 04:00:00,0.8
1777,01/08/2013 04:05:00,0.9
1778,01/08/2013 04:10:00,0.9
1779,01/08/2013 04:15:00,0.8
1780,01/08/2013 04:20:00,1.9
1781,01/08/2013 04:25:00,2.4
1782,01/08/2013 04:30:00,3.2
1783,01/08/2013 04:35:00,2.6
1784,01/08/2013 04:40:00,2.4
1785,01/08/2013 04:45:00,2.2
1786,01/08/2013 04:50:00,2.2
1787,01/08/2013 04:55:00,2.4
1788,01/08/2013 05:00:00,2.6
1789,01/08/2013 05:05:00,2.8
1790,01/08/2013 05:10:00,1.9
1791,01/08/2013 05:15:00,2.1
1792,01/08/2013 05:20:00,2.1
1793,01/08/2013 05:25:00,2.0
1794,01/08/2013 05:30:00,2.4
1795,01/08/2013 05:35:00,1.6
1796,01/08/2013 05:40:00,2.5
1797,01/08/2013 05:45:00,2.9
1798,01/08/2013 05:50:00,3.3
1799,01/08/2013 05:55:00,2.5
1800,01/08/2013 06:00:00,1.8
1801,01/08/2013 06:05:00,1.4
1802,01/08/2013 06:10:00,1.6
1803,01/08/2013 06:15:00,2.3
1804,01/08/2013 06:20:00,2.0
1805,01/08/2013 06:25:00,0.6
1806,01/08/2013 06:30:00,0.7
1807,01/08/2013 06:35:00,1.6
1808,01/08/2013 06:40:00,1.5
1809,01/08/2013 06:45:00,1.3
1810,01/08/2013 06:50:00,0.7
1811,01/08/2013 06:55:00,0.6
1812,01/08/2013 07:00:00,2.2
1813,01/08/2013 07:05:00,3.1
1814,01/08/2013 07:10:00,2.9
1815,01/08/2013 07:15:00,2.7
1816,01/08/2013 07:20:00,2.4
1817,01/08/2013 07:25:00,2.3
1818,01/08/2013 07:30:00,3.6
1819,01/08/2013 07:35:00,1.7
1820,01/08/2013 07:40:00,1.4
1821,01/08/2013 07:45:00,1.4
1822,01/08/2013 07:50:00,1.3
1823,01/08/2013 07:55:00,1.2
1824,01/08/2013 08:00:00,2.8
1825,01/08/2013 08:05:00,2.1
1826,01/08/2013 08:10:00,2.6
1827,01/08/2013 08:15:00,2.4
1828,01/08/2013 08:20:00,2.2
1829,01/08/2013 08:25:00,2.3
1830,01/08/2013 08:30:00,2.6
1831,01/08/2013 08:35:00,4.1
1832,01/08/2013 08:40:00,5.2
1833,01/08/2013 08:45:00,4.6
1834,01/08/2013 08:50:00,4.9
1835,01/08/2013 08:55:00,4.7
1836,01/08/2013 09:00:00,3.8
1837,01/08/2013 09:05:00,4.3
1838,01/08/2013 09:10:00,4.1
1839,01/08/2013 09:15:00,4.6
1840,01/08/2013 09:20:00,4.3
1841,01/08/2013 09:25:00,4.3
1842,01/08/2013 09:30:00,3.7
1843,01/08/2013 09:35:00,2.6
1844,01/08/2013 09:40:00,3.3
1845,01/08/2013 09:45:00,5.5
1846,01/08/2013 09:50:00,7.8
1847,01/08/2013 09:55:00,6.4
1848,01/08/2013 10:00:00,5.8
1849,01/08/2013 10:05:00,5.7
1850,01/08/2013 10:10:00,4.7
1851,01/08/2013 10:15:00,3.8
1852,01/08/2013 10:20:00,3.9
1853,01/08/2013 10:25:00,2.5
1854,01/08/2013 10:30:00,2.2
1855,01/08/2013 10:35:00,3.1
1856,01/08/2013 10:40:00,3.4
1857,01/08/2013 10:45:00,3.2
1858,01/08/2013 10:50:00,3.5
1859,01/08/2013 10:55:00,3.9
1860,01/08/2013 11:00:00,3.7
1861,01/08/2013 11:05:00,4.9
1862,01/08/2013 11:10:00,5.2
1863,01/08/2013 11:15:00,5.5
1864,01/08/2013 11:20:00,4.8
1865,01/08/2013 11:25:00,4.1
1866,01/08/2013 11:30:00,3.5
1867,01/08/2013 11:35:00,2.8
1868,01/08/2013 11:40:00,4.2
1869,01/08/2013 11:45:00,4.8
1870,01/08/2013 11:50:00,3.4
1871,01/08/2013 11:55:00,3.1
1872,01/08/2013 12:00:00,2.2
1873,01/08/2013 12:05:00,2.7
1874,01/08/2013 12:10:00,1.8
1875,01/08/2013 12:15:00,2.8
1876,01/08/2013 12:20:00,2.6
1877,01/08/2013 12:25:00,4.4
1878,01/08/2013 12:30:00,4.6
1879,01/08/2013 12:35:00,5.7
1880,01/08/2013 12:40:00,4.1
1881,01/08/2013 12:45:00,4.7
1882,01/08/2013 12:50:00,4.7
1883,01/08/2013 12:55:00,5.8
1884,01/08/2013 13:00:00,3.8
1885,01/08/2013 13:05:00,6.5
1886,01/08/2013 13:10:00,5.2
1887,01/08/2013 13:15:00,4.0
1888,01/08/2013 13:20:00,2.7
1889,01/08/2013 13:25:00,2.8
1890,01/08/2013 13:30:00,1.7
1891,01/08/2013 13:35:00,4.0
1892,01/08/2013 13:40:00,8.0
1893,01/08/2013 13:45:00,8.2
1894,01/08/2013 13:50:00,10.1
1895,01/08/2013 13:55:00,8.8
1896,01/08/2013 14:00:00,9.3
1897,01/08/2013 14:05:00,10.6
1898,01/08/2013 14:10:00,8.4
1899,01/08/2013 14:15:00,8.1
1900,01/08/2013 14:20:00,8.8
1901,01/08/2013 14:25:00,6.1
1902,01/08/2013 14:30:00,7.1
1903,01/08/2013 14:35:00,7.5
1904,01/08/2013 14:40:00,8.6
1905,01/08/2013 14:45:00,7.4
1906,01/08/2013 14:50:00,8.4
1907,01/08/2013 14:55:00,9.0
1908,01/08/2013 15:00:00,7.1
1909,01/08/2013 15:05:00,6.9
1910,01/08/2013 15:10:00,7.9
1911,01/08/2013 15:15:00,9.3
1912,01/08/2013 15:20:00,8.3
1913,01/08/2013 15:25:00,6.3
1914,01/08/2013 15:30:00,6.7
1915,01/08/2013 15:35:00,8.1
1916,01/08/2013 15:40:00,8.4
1917,01/08/2013 15:45:00,10.2
1918,01/08/2013 15:50:00,11.3
1919,01/08/2013 15:55:00,11.7
1920,01/08/2013 16:00:00,10.7
1921,01/08/2013 16:05:00,11.6
1922,01/08/2013 16:10:00,12.6
1923,01/08/2013 16:15:00,10.8
1924,01/08/2013 16:20:00,8.5
1925,01/08/2013 16:25:00,8.3
1926,01/08/2013 16:30:00,7.3
1927,01/08/2013 16:35:00,6.8
1928,01/08/2013 16:40:00,8.7
1929,01/08/2013 16:45:00,10.0
1930,01/08/2013 16:50:00,8.5
1931,01/08/2013 16:55:00,9.7
1932,01/08/2013 17:00:00,9.6
1933,01/08/2013 17:05:00,10.0
1934,01/08/2013 17:10:00,9.0
1935,01/08/2013 17:15:00,7.8
1936,01/08/2013 17:20:00,8.1
1937,01/08/2013 17:25:00,9.2
1938,01/08/2013 17:30:00,9.2
1939,01/08/2013 17:35:00,8.4
1940,01/08/2013 17:40:00,9.8
1941,01/08/2013 17:45:00,8.4
1942,01/08/2013 17:50:00,9.1
1943,01/08/2013 17:55:00,10.0
1944,01/08/2013 18:00:00,11.8
1945,01/08/2013 18:05:00,8.6
1946,01/08/2013 18:10:00,7.0
1947,01/08/2013 18:15:00,9.6
1948,01/08/2013 18:20:00,8.2
1949,01/08/2013 18:25:00,10.4
1950,01/08/2013 18:30:00,10.1
1951,01/08/2013 18:35:00,7.7
1952,01/08/2013 18:40:00,7.3
1953,01/08/2013 18:45:00,8.6
1954,01/08/2013 18:50:00,8.8
1955,01/08/2013 18:55:00,6.7
1956,01/08/2013 19:00:00,9.2
1957,01/08/2013 19:05:00,8.0
1958,01/08/2013 19:10:00,10.5
1959,01/08/2013 19:15:00,8.8
1960,01/08/2013 19:20:00,10.5
1961,01/08/2013 19:25:00,8.8
1962,01/08/2013 19:30:00,8.9
1963,01/08/2013 19:35:00,10.5
1964,01/08/2013 19:40:00,9.9
1965,01/08/2013 19:45:00,10.0
1966,01/08/2013 19:50:00,11.1
1967,01/08/2013 19:55:00,8.1
1968,01/08/2013 20:00:00,9.7
1969,01/08/2013 20:05:00,14.2
1970,01/08/2013 20:10:00,9.8
1971,01/08/2013 20:15:00,8.9
1972,01/08/2013 20:20:00,7.9
1973,01/08/2013 20:25:00,11.0
1974,01/08/2013 20:30:00,12.5
1975,01/08/2013 20:35:00,11.9
1976,01/08/2013 20:40:00,11.7
1977,01/08/2013 20:45:00,12.7
1978,01/08/2013 20:50:00,11.4
1979,01/08/2013 20:55:00,12.0
1980,01/08/2013 21:00:00,12.5
1981,01/08/2013 21:05:00,13.4
1982,01/08/2013 21:10:00,11.8
1983,01/08/2013 21:15:00,7.9
1984,01/08/2013 21:20:00,9.0
1985,01/08/2013 21:25:00,10.6
1986,01/08/2013 21:30:00,12.7
1987,01/08/2013 21:35:00,13.5
1988,01/08/2013 21:40:00,11.5
1989,01/08/2013 21:45:00,13.0
1990,01/08/2013 21:50:00,14.0
1991,01/08/2013 21:55:00,11.6
1992,01/08/2013 22:00:00,12.3
1993,01/08/2013 22:05:00,11.2
1994,01/08/2013 22:10:00,13.6
1995,01/08/2013 22:15:00,13.2
1996,01/08/2013 22:20:00,11.7
1997,01/08/2013 22:25:00,10.2
1998,01/08/2013 22:30:00,7.8
1999,01/08/2013 22:35:00,7.7
2000,01/08/2013 22:40:00,9.3
2001,01/08/2013 22:45:00,11.1
2002,01/08/2013 22:50:00,9.8
2003,01/08/2013 22:55:00,7.9
2004,01/08/2013 23:00:00,7.6
2005,01/08/2013 23:05:00,8.9
2006,01/08/2013 23:10:00,9.2
2007,01/08/2013 23:15:00,10.2
2008,01/08/2013 23:20:00,9.3
2009,01/08/2013 23:25:00,11.9
2010,01/08/2013 23:30:00,9.2
2011,01/08/2013 23:35:00,9.1
2012,01/08/2013 23:40:00,8.6
2013,01/08/2013 23:45:00,10.1
2014,01/08/2013 23:50:00,12.1
2015,01/08/2013 23:55:00,10.5
